Problem,Num_customer,NV,Opt,Our_floor,Our
RC101,25,4,461.1,475.8,476.95503871902207
RC102,25,3,351.8,351.80000000000007,352.7442697605385
RC103,25,3,332.8,332.8,333.9186364366016
RC104,25,3,306.6,306.59999999999997,307.1390025908645
RC105,25,4,411.3,412.49999999999994,413.53369777710395
RC106,25,3,345.5,345.50000000000006,346.50544606829146
RC107,25,3,298.3,298.3,298.94984154867427
RC108,25,3,294.5,294.50000000000006,294.9944395178464
