Problem,Num_customer,NV,Opt,Our_floor,Our
RC101,100,15,1619.8,1647.5000000000002,1651.3400316451668
RC102,100,14,1457.4,1473.5,1477.197073366041
RC103,100,11,1258.0,1282.4999999999998,1286.2733385873826
RC104,100,,,1159.2,1162.6342280313565
RC105,100,15,1513.7,1554.8999999999999,1559.2231862044648
RC106,100,,,1398.2,1401.9127643979405
RC107,100,12,1207.8,1251.0,1254.1801913221227
RC108,100,11,1114.2,1132.4999999999998,1135.8690863068048
