Problem,Num_customer,NV,Opt,Our_floor,Our
RC101,50,8,944.0,970.7999999999998,972.3087028301604
RC102,50,7,822.5,838.8999999999997,840.2744165153537
RC103,50,6,710.9,754.5000000000001,756.0253190020898
RC104,50,5,545.8,554.0999999999999,554.8526901501689
RC105,50,8,855.3,889.6999999999998,891.3272529263288
RC106,50,6,723.2,784.8999999999999,786.3732704690958
RC107,50,6,642.7,738.9,740.1107844463288
RC108,50,6,598.1,598.1,599.1705707234194
