Problem,Num_customer,NV,Opt,Our_floor,Our
C201,100,3,589.1,589.1000000000001,591.5565566715014
C202,100,3,589.1,589.1000000000001,591.5565566715014
C203,100,3,588.7,588.7000000000002,591.1734427806315
C204,100,3,588.1,588.1,590.5987456679449
C205,100,3,586.4,586.4000000000001,588.8759626534237
C206,100,3,586.0,586.0000000000001,588.4928487625538
C207,100,3,585.8,585.8000000000002,588.2863214262126
C208,100,3,585.8,585.8000000000002,588.3238006573991
