Problem,Num_customer,NV,Opt,Our_floor,Our
C201,25,2,214.7,214.7,215.54256527689375
C202,25,2,214.7,214.7,215.54256527689375
C203,25,2,214.7,236.9,237.83251298412893
C204,25,2,213.1,214.5,215.33603794055244
C205,25,2,214.7,214.7,215.54256527689375
C206,25,2,214.7,214.7,215.54256527689375
C207,25,2,214.5,276.0,276.8498062781972
C208,25,2,214.5,229.09999999999997,229.83657924014747
