Problem,Num_customer,NV,Opt,Our_floor,Our
C201,50,3,360.2,360.20000000000005,361.7965059684442
C202,50,3,360.2,360.20000000000005,361.7965059684442
C203,50,3,359.8,359.8,361.41339207757426
C204,50,2,350.1,372.5000000000001,374.00284506441784
C205,50,3,359.8,359.8000000000001,361.41339207757426
C206,50,3,359.8,359.8,361.41339207757426
C207,50,3,359.6,359.6,361.20686474123295
C208,50,2,350.5,369.7000000000001,371.36168352582166
