Problem,Num_customer,NV,Opt,Our_floor,Our
RC201,50,5,684.8,710.0,711.5607196240567
RC202,50,5,613.6,613.5999999999999,615.0371373601766
RC203,50,4,555.3,601.0,602.3920881120189
RC204,50,3,444.2,451.9000000000001,452.55926139232054
RC205,50,5,630.2,633.6999999999999,635.3299711978435
RC206,50,5,610.0,667.7,669.2293032962683
RC207,50,4,558.6,565.5000000000002,566.7004955475209
RC208,50,,,491.50000000000006,492.23286671450813
