Problem,Num_customer,NV,Opt,Our_floor,Our
RC201,25,3,360.2,360.2,361.24102639278726
RC202,25,3,338.0,338.00000000000006,338.82389200416617
RC203,25,3,326.9,326.90000000000003,327.69324739905153
RC204,25,3,299.7,326.5,327.325619991583
RC205,25,3,338.0,337.99999999999994,338.9294010641803
RC206,25,3,324.0,325.2,326.14284391549455
RC207,25,3,298.3,298.3,298.94984154867427
RC208,25,2,269.1,269.1,269.5658193146639
