Problem,Num_customer,NV,Opt,Our_floor,Our
RC201,100,9,1261.8,1268.7999999999997,1272.3046476604097
RC202,100,8,1092.3,1096.3000000000002,1099.5416363071556
RC203,100,,,934.4000000000007,937.4494913021776
RC204,100,,,793.6000000000001,796.2659955612302
RC205,100,7,1154.0,1162.7000000000005,1166.595220291798
RC206,100,,,1070.2,1073.8009707176218
RC207,100,,,967.7,970.9259378815403
RC208,100,,,778.4000000000003,781.3270937157105
