Problem,Num_customer,NV,Opt,Our_floor,Our
C101,100,10,827.3,827.3,828.936866942834
C102,100,10,827.3,827.2999999999998,828.936866942834
C103,100,10,826.3,826.2999999999998,828.064882198084
C104,100,10,822.9,822.9,824.7767082212929
C105,100,10,827.3,827.3000000000001,828.936866942834
C106,100,10,827.3,827.3,828.936866942834
C107,100,10,827.3,827.3,828.936866942834
C108,100,10,827.3,827.3,828.936866942834
C109,100,10,827.3,827.2999999999997,828.936866942834
