Problem,Num_customer,NV,Opt,Our_floor,Our
C101,25,3,191.3,191.29999999999993,191.8136197786562
C102,25,3,190.3,190.29999999999998,190.7376293618508
C103,25,3,190.3,190.29999999999998,190.7376293618508
C104,25,3,186.9,186.89999999999995,187.44945538505974
C105,25,3,191.3,191.29999999999993,191.8136197786562
C106,25,3,191.3,191.29999999999993,191.8136197786562
C107,25,3,191.3,191.29999999999993,191.8136197786562
C108,25,3,191.3,191.29999999999993,191.8136197786562
C109,25,3,191.3,191.29999999999993,191.8136197786562
