Problem,Num_customer,NV,Opt,Our_floor,Our
C101,50,5,362.4,362.40000000000003,363.24680041159104
C102,50,5,361.4,361.40000000000003,362.17080999478554
C103,50,5,361.4,382.1,382.9238511405186
C104,50,5,358.0,361.1000000000001,362.17440995694744
C105,50,5,362.4,362.4,363.24680041159104
C106,50,5,362.4,362.4000000000001,363.24680041159104
C107,50,5,362.4,362.4000000000001,363.24680041159104
C108,50,5,362.4,362.40000000000015,363.24680041159104
C109,50,5,362.4,362.4000000000001,363.24680041159104
